facility_id,company_id,observation_date,default_date,product_type,limit_amount,outstanding_amount,undrawn_amount,interest_rate,term_months,revolving_flag,seniority,currency,repayment_type,industry,region,company_size,legal_form,ownership_type,years_in_business,employees_count,exporter_flag,state_related_flag,related_party_flag,revenue,ebitda,net_income,total_assets,current_assets,cash,inventory,total_liabilities,current_liabilities,short_term_debt,long_term_debt,equity,interest_expense,operating_cash_flow,capex,total_debt,current_ratio,quick_ratio,debt_to_equity,debt_to_assets,debt_to_ebitda,interest_coverage,ebitda_margin,net_profit_margin,operating_cf_to_debt,cash_to_short_term_debt,equity_to_assets,revenue_growth_yoy,collateral_type,collateral_value,avg_collateral_haircut,effective_collateral_value,loan_to_value,collateral_coverage,effective_collateral_coverage,origination_rating_grade,origination_pd_estimate,watchlist_flag,restructuring_flag,default_type,dpd_at_default,ead_at_default,writeoff_flag,total_recovery_amount,total_collection_cost,recovery_events_count,net_recovery_amount,gdp_growth,inflation,base_rate,unemployment,fx_rate,industry_stress_index,realized_lgd
F0000295,C000180,2022-02-17,2022-07-17,working_capital,438850.32,353037.66,85812.66,0.1504,12,0,senior_secured,KZT,bullet,energy,Almaty,medium,LLP,private,14.0,239,1,0,0,4119823.48,450828.85,353172.69,5370960.36,3319330.64,662776.4,810812.9,3628870.79,1308913.74,755506.55,1897420.82,1742089.57,133331.16,228110.53,235302.65,2652927.37,2.5359430026305630,1.9164882018886898,1.5228421176989195,0.49393910812627930101,5.8845554582409710,3.3812714897252825,0.10942916661079857722,0.08572519956607461250,0.08598446100693665051,0.87726095822729796320,0.32435345882910221292,,receivables,396418.4,0.45000000000000000000,218030.120,0.89056829854517348337,1.1228785053696538,0.61758317795330957043,C,0.025285,0,0,restructuring,150,353037.66,1,83408.43,7511.07,4,75897.36,0.0275,0.073,0.145,0.047,466.48,0.98,0.78501625010770805585
F0000255,C000153,2022-03-11,2023-01-24,working_capital,6557.62,6247.82,309.8,0.1349,36,0,senior_unsecured,USD,amortizing,construction,Karaganda,micro,IE,state_related,4.0,8,0,1,0,56869.99,3402.51,-594.58,98796.52,49743.6,4785.71,12079.66,72241.75,41639.79,13295.32,11991.83,26554.77,3764.63,1195.6,3518.89,25287.15,1.19461697573402747708,0.90451801029736221052,0.95226394354008714818,0.25595182907252198762,7.4319105601453045,0.90380993616902590693,0.05982962191482713466,-0.01045507481186474624,0.04728093122396157732,0.35995448022311610401,0.26878244294434662274,,none,0.0,1.00000000000000000000,0.00,,0.00000000000000000000,0.00000000000000000000,C,0.028362,0,0,90dpd,360,6247.82,0,1801.05,163.04,2,1638.01,0.0325,0.077,0.145,0.049,473.52,1.02,0.73782695404156969951
F0000233,C000141,2022-05-05,2023-02-23,term_loan,97972.18,94391.14,3581.04,0.1286,48,0,senior_unsecured,KZT,bullet,services,Other,small,IE,private,2.4,20,0,0,0,321888.45,7512.0,1622.31,525591.33,322796.87,22865.87,33719.27,422565.66,253536.21,131618.78,62196.23,103025.67,16166.56,7457.67,11050.06,193815.01,1.2731785727963670,1.1401826981637061,1.8812302797933758,0.36875610181773736641,25.8007201810436635,0.46466285963123880405,0.02333727724620128495,0.00503997580528285498,0.03847828916862527830,0.17372801966406313749,0.19601858729290682934,,inventory,113346.15,0.55000000000000000000,51005.7675,0.83276882364332621796,1.2008134449907057,0.54036605024581756296,C,0.02627,0,0,90dpd,180,94391.14,0,25699.92,2777.78,1,22922.14,0.0343,0.0785,0.145,0.0497,476.11,1.0346,0.75715792816995323926
F0000650,C000416,2022-05-26,2023-03-08,trade_finance,297812.77,112522.03,185290.73,0.1547,12,1,senior_secured,KZT,annuity,agriculture,Kostanay,medium,IE,private,9.7,202,0,0,0,1844428.79,94521.13,9287.14,1872173.63,1017316.08,177190.99,194452.81,1107332.49,427094.72,207326.27,227488.07,764841.14,49012.37,68258.76,72743.14,434814.34,2.3819448763028492,1.9266528745660916,0.56850281353850814040,0.23225107598593833415,4.6001813562745177,1.9285158012150810,0.05124683073289047933,0.00503523912137589221,0.15698369101626225115,0.85464803857224653682,0.40853109334736223157,,none,0.0,1.00000000000000000000,0.00,,0.000000000000000000000000,0.000000000000000000000000,C,0.021739,1,0,90dpd,90,160956.26,0,52686.86,4502.27,4,48184.59,0.035,0.079,0.145,0.05,477.05,1.04,0.70063550184379284161
F0000587,C000374,2022-10-11,2023-03-25,term_loan,25895.03,23267.38,2627.65,0.133,36,0,senior_secured,KZT,annuity,trade,Karaganda,micro,LLP,private,17.0,9,0,0,0,70371.51,3943.39,3135.06,98532.15,42149.88,4371.77,13659.26,93605.54,51112.59,17317.88,23743.53,4926.61,3035.11,1715.27,2669.51,41061.41,0.82464770421534107350,0.55740904540349060770,8.3346175158983561,0.41673108726441065175,10.4127184985507393,1.2992576875302707,0.05603673986816539818,0.04455013115392862822,0.04177328542785062666,0.25244256225357838257,0.05000002537242920204,,equipment,19347.28,0.40000000000000000000,11608.368,1.2026176289380213,0.83151949209580107429,0.49891169525748064458,D,0.047006,0,1,90dpd,180,23267.38,0,6415.74,756.49,1,5659.25,0.035,0.079,0.145,0.05,477.05,1.04,0.75677321640855137106
F0000371,C000232,2022-06-21,2023-04-17,term_loan,438384.07,421799.45,16584.62,0.1129,36,0,senior_unsecured,USD,amortizing,agriculture,Atyrau,medium,LLP,private,5.4,193,1,0,0,943677.6,90656.39,37092.57,860991.74,325721.29,77324.91,34490.06,424258.14,205751.17,108725.62,87115.87,436733.61,25327.38,48202.99,72066.0,195841.49,1.5830835372649400,1.4154535791947137,0.44842321615686963044,0.22746035867893459698,2.1602612899101762,3.5793828654997082,0.09606712080481723843,0.03930640083011401351,0.24613267597177697126,0.71119309321942703109,0.50724483140802256709,,real_estate,576720.88,0.25000000000000000000,432540.6600,0.73137537520750072375,1.3672869416970553,1.0254652062727915,B,0.008633,0,0,90dpd,360,421799.45,0,316971.56,25836.63,1,291134.93,0.0343,0.0785,0.145,0.0497,476.11,1.0346,0.30977878230993425904
F0000612,C000391,2022-04-23,2023-09-29,working_capital,165494.3,159370.12,6124.18,0.1467,24,0,senior_unsecured,KZT,bullet,trade,Shymkent,small,JSC,state_related,8.1,23,0,1,0,549699.36,6904.96,-22000.82,943716.69,283453.26,40468.05,85561.17,546118.23,211215.42,59379.68,137174.77,397598.46,22609.1,3300.39,30079.17,196554.45,1.3420102566375125,0.93692065664523925384,0.49435415318258526454,0.20827696710545619364,28.4656898808972101,0.30540623023472849428,0.01256133898354911674,-0.04002336840996140145,0.01679122502695817876,0.68151344028799077395,0.42131125179104334798,,inventory,357845.2,0.55000000000000000000,161030.340,0.44536050783970275415,2.2453719680953996,1.0104173856429298,C,0.021285,1,0,90dpd,90,159370.12,0,100416.47,9764.28,3,90652.19,0.025,0.071,0.145,0.046,462.95,0.96,0.43118452819135732595
F0000047,C000029,2022-01-19,2023-11-06,leasing,736157.03,686865.78,49291.25,0.1433,24,0,senior_secured,KZT,amortizing,energy,Aktobe,medium,IE,private,12.9,146,0,0,0,6779108.28,817784.53,381433.94,11805583.51,5474418.52,400023.44,1012396.99,6858898.06,3610258.31,1399629.79,2003410.77,4946685.45,420761.53,766381.28,105823.95,3403040.56,1.5163509228235805,1.2359286086651235,0.68794359261311025952,0.28825687075250717531,4.1612924128070752,1.9435819857390480,0.12063305323100695480,0.05626609345145317549,0.22520486208956616139,0.28580660604544577463,0.41901236358286537588,,real_estate,1980222.3,0.25000000000000000000,1485166.725,0.34686296583974435597,2.8829829024238185,2.1622371768178639,B,0.010688,0,0,90dpd,90,686865.78,0,652522.49,50569.87,2,601952.62,0.0275,0.073,0.145,0.047,466.48,0.98,0.12362409436090992916
F0000730,C000474,2023-04-03,2023-11-29,credit_line,238809.97,190156.99,48652.98,0.1332,48,1,senior_unsecured,KZT,amortizing,agriculture,Astana,small,LLP,private,14.8,42,0,0,0,644810.72,79818.88,46126.78,874418.24,307589.37,30812.75,19582.71,417812.41,244356.98,149805.75,81745.3,456605.83,25173.22,62500.79,36529.57,231551.05,1.2587705495459962,1.1786307884472954,0.50711365205301912155,0.26480583250413440598,2.9009558891329971,3.1707854616930214,0.12378652761852346375,0.07153538018102428570,0.26992229143422152480,0.20568469501337565481,0.52218241696330579746,0.07905945399930387765,none,0.0,1.00000000000000000000,0.00,,0.000000000000000000000000,0.000000000000000000000000,B,0.009556,0,0,90dpd,90,206106.7,0,4122.13,356.07,1,3766.06,0.0275,0.073,0.145,0.047,466.48,0.98,0.98172761972318221581
F0000536,C000338,2022-07-21,2024-01-25,overdraft,79098.22,42354.22,36744.0,0.1129,24,1,senior_secured,KZT,bullet,construction,Shymkent,medium,LLP,private,18.4,141,0,0,0,1441002.82,246116.43,160396.92,2013711.17,1122714.19,217212.0,143770.39,929888.04,307638.25,113310.28,385689.46,1083823.13,73353.43,233211.28,44877.67,498999.74,3.6494622824047400,3.1821264098336276,0.46040698540914143436,0.24780104884654336997,2.0274946292695697,3.3552136553123692,0.17079524521679978392,0.11130923394029166438,0.46735751806203345918,1.9169664041073767,0.53822174011181553907,,none,0.0,1.00000000000000000000,0.00,,0.000000000000000000000000,0.000000000000000000000000,B,0.008581,0,0,restructuring,180,60339.96,0,6579.07,576.22,2,6002.85,0.0325,0.077,0.145,0.049,473.52,1.02,0.90051617535046426945
F0000729,C000473,2023-08-27,2024-02-28,credit_line,1258867.94,668613.14,590254.8,0.1159,12,1,senior_unsecured,KZT,annuity,agriculture,Karaganda,medium,LLP,private,15.6,137,0,0,0,2694841.01,264680.19,114239.37,4096548.07,2041184.91,232980.34,110176.45,1997135.57,622769.16,434991.42,543652.41,2099412.5,79838.33,166481.47,155782.28,978643.83,3.2775947190448544,3.1006809328837028,0.46615128279935458134,0.23889475072118462899,3.6974577885862935,3.3152019838090301,0.09821736756188076565,0.04239187750820223713,0.17011446339982545029,0.53559755270575221920,0.51248330646343422500,-0.01376695312028583898,none,0.0,1.00000000000000000000,0.00,,0.000000000000000000000000,0.000000000000000000000000,B,0.014213,0,0,90dpd,90,847179.07,0,62506.63,4044.27,4,58462.36,0.0343,0.0785,0.145,0.0497,476.11,1.0346,0.93099173236184883557
F0000202,C000120,2022-12-12,2024-03-27,working_capital,16146.45,14266.51,1879.94,0.1295,18,0,senior_secured,USD,bullet,construction,Karaganda,micro,LLP,state_related,23.3,4,0,1,0,51671.65,8033.51,5515.36,61795.07,20923.92,943.77,5182.93,54531.8,32110.59,15176.25,20107.22,7263.28,4843.34,8048.85,3313.87,35283.47,0.65162054013956143441,0.49021179617067142024,4.8577873908206761,0.57097548396660121916,4.3920366066638369,1.6586714952904401,0.15547229476898841047,0.10673860811489472467,0.22811956987223762289,0.06218729923400049419,0.11753817901654614195,,real_estate,9178.87,0.25000000000000000000,6884.1525,1.5542773783701044,0.64338580353569303214,0.48253935265176977411,C,0.025734,0,0,writeoff,90,14266.51,1,6196.4,562.49,1,5633.91,0.035,0.079,0.145,0.05,477.05,1.04,0.60509542978626167157
F0000600,C000384,2024-04-08,2024-08-11,overdraft,102318.4,89574.68,12743.72,0.1581,12,1,senior_secured,KZT,annuity,construction,Other,medium,LLP,foreign_owned,20.2,151,0,0,1,1349059.24,95380.54,30131.2,1755980.42,986740.4,225673.4,109966.43,1518895.41,846034.29,606533.88,417026.05,237085.0,83466.0,90504.87,63232.45,1023559.93,1.1663125379941752,1.0363338464685633,4.3172698821097918,0.58289939816071525444,10.7313287385456195,1.1427472264155465,0.07070152086130776585,0.02233497173926921104,0.08842166183664497300,0.37207055935605773580,0.13501574237371052235,0.25483492757497353638,real_estate,103568.01,0.25000000000000000000,77676.0075,0.86488752656346298437,1.1562197040502964,0.86716477803772226705,C,0.019678,0,0,writeoff,150,94474.86,0,41992.13,3501.92,2,38490.21,0.0257,0.0715,0.145,0.0463,463.89,0.9654,0.59258780589883911974
F0000407,C000255,2023-05-09,2024-08-22,term_loan,174584.57,146797.96,27786.61,0.1231,48,0,senior_unsecured,KZT,annuity,transport,Atyrau,small,JSC,private,10.1,35,0,0,0,749062.64,103543.54,68206.79,581374.81,222120.7,18514.0,64309.43,275370.73,145100.89,104611.88,62650.16,306004.08,9591.24,44765.51,52438.17,167262.04,1.5308017752337701,1.0875968438236320,0.54660068584706452280,0.28770087235117737557,1.6153788058627318,10.7956364349135253,0.13823081605031055881,0.09105618990689483592,0.26763699641592318257,0.17697798758611354657,0.52634561170615562102,0.40968372485357593774,none,0.0,1.00000000000000000000,0.00,,0.000000000000000000000000,0.000000000000000000000000,B,0.005599,0,0,90dpd,90,146797.96,1,2935.96,257.37,2,2678.59,0.0257,0.0715,0.145,0.0463,463.89,0.9654,0.98175322054884141442
F0000133,C000082,2023-11-07,2024-08-30,term_loan,131682.04,113856.07,17825.97,0.1387,12,0,senior_secured,KZT,annuity,real_estate,Other,small,LLP,foreign_owned,15.5,46,0,0,0,485886.84,25264.88,-5557.52,574608.6,350613.42,77993.93,53730.42,362268.97,202321.7,81183.81,52997.23,212339.62,9233.58,20525.58,31221.64,134181.04,1.7329501482045673,1.4673809087211110,0.63191711466753119366,0.23351728463514120742,5.3109708021569863,2.7361954951383970,0.05199745685641537441,-0.01143788952999838399,0.15296930177318643528,0.96070792932728828568,0.36953783845212201836,0.03364029743182889533,none,0.0,1.00000000000000000000,0.00,,0.000000000000000000000000,0.000000000000000000000000,C,0.017563,1,0,90dpd,120,113856.07,0,16215.52,1367.48,3,14848.04,0.0257,0.0715,0.145,0.0463,463.89,0.9654,0.86958938596773979639
F0000613,C000391,2024-02-29,2024-09-03,credit_line,186767.4,140664.85,46102.55,0.1367,60,1,senior_secured,KZT,annuity,trade,Shymkent,small,JSC,state_related,8.1,23,0,1,0,530283.8,31099.05,-6753.95,587635.74,267627.26,40121.62,58215.27,387017.62,172451.61,42377.25,94514.6,200618.12,9694.56,24849.13,27801.1,136891.85,1.5518977178583604,1.2143231947791035,0.68235037792199428446,0.23295358107388090452,4.4018016627517561,3.2078866910927365,0.05864604953045897310,-0.01273648186122223609,0.18152380875851995572,0.94677261974290450655,0.34139877196713732899,0.00395627274305893447,inventory,86077.91,0.55000000000000000000,38735.0595,1.6341573581421761,0.61193617310934465860,0.27537127789920509637,C,0.028254,0,0,90dpd,90,177887.67,1,91444.97,4337.36,1,87107.61,0.025,0.071,0.145,0.046,462.95,0.96,0.51032238490728446778
F0000327,C000204,2023-12-28,2024-09-09,working_capital,13788.51,12159.45,1629.06,0.1472,48,0,senior_unsecured,KZT,bullet,construction,Kostanay,micro,IE,foreign_owned,9.2,9,0,0,0,72604.85,6732.1,3676.17,97370.99,62458.72,4943.52,10146.84,69343.54,43341.18,23726.94,12536.83,28027.45,5024.78,6189.81,5471.02,36263.77,1.4410941280325086,1.2069786747845813,1.2938661918940182,0.37242889283553551217,5.3866950877140862,1.3397800500718439,0.09272245586899497761,0.05063256793451126199,0.17068854120793287626,0.20835050790367405152,0.28784189212824065977,0.02869877872141283331,none,0.0,1.00000000000000000000,0.00,,0.000000000000000000000000,0.000000000000000000000000,C,0.017217,0,0,writeoff,90,12159.45,1,1698.19,114.94,3,1583.25,0.025,0.071,0.145,0.046,462.95,0.96,0.86979263042325105165
F0000757,C000494,2024-01-27,2024-09-16,working_capital,3001.26,2417.54,583.73,0.1599,12,0,senior_secured,KZT,bullet,agriculture,Shymkent,micro,IE,private,11.5,5,0,0,1,53916.0,2470.75,-1160.81,80687.41,25989.37,4583.7,8141.54,61801.56,32772.44,12400.58,11396.17,18885.86,2427.07,1294.29,3131.96,23796.75,0.79302517603205620332,0.54459875431917794342,1.2600299906914485,0.29492519340997560834,9.6313872305979966,1.0179970087389321,0.04582591438534015877,-0.02152997254989242525,0.05438935989158183365,0.36963593638362076613,0.23406204264085313929,-0.23047411563612198689,equipment,1896.37,0.40000000000000000000,1137.822,1.2748250605103434,0.78442135393830091746,0.47065281236298055048,C,0.023993,0,0,90dpd,90,2417.54,0,1192.47,93.61,2,1098.86,0.025,0.071,0.145,0.046,462.95,0.96,0.54546357040628076474
F0000489,C000309,2023-10-23,2024-10-04,term_loan,49506.88,45332.27,4174.61,0.1313,18,0,senior_secured,KZT,annuity,agriculture,Karaganda,small,LLP,private,18.4,23,1,0,0,294955.38,32039.58,28603.57,381577.76,102236.72,18556.14,20438.07,175625.01,48408.24,14479.74,95905.26,205952.75,8363.34,26297.93,14137.28,110385.00,2.1119693671986422,1.6897670727132406,0.53597244999156359893,0.28928572776358873746,3.4452698818149302,3.8309550968871288,0.10862517578082488273,0.09697592225644434762,0.23823825700955745799,1.28152439201256376150,0.53973992090105041761,0.15522077023600853222,none,0.0,1.00000000000000000000,0.00,,0.000000000000000000000000,0.000000000000000000000000,C,0.016914,0,0,90dpd,90,45332.27,0,906.65,40.55,2,866.10,0.0257,0.0715,0.145,0.0463,463.89,0.9654,0.98089440480258323706
F0000477,C000301,2024-04-05,2024-10-19,credit_line,81471.28,74856.49,6614.79,0.1638,12,1,senior_secured,KZT,annuity,trade,Kostanay,small,LLP,foreign_owned,17.3,38,0,0,0,248646.59,9964.61,4340.23,292298.82,117032.3,22659.93,39400.93,244084.22,110803.66,35393.68,89583.64,48214.6,11783.43,5192.55,2853.59,124977.32,1.05621330558936410584,0.70062099031746785260,2.5921052959062193,0.42756696725631666936,12.5421185575752588,0.84564596216891007118,0.04007539375464590124,0.01745541734555860991,0.04154793845795381114,0.64022531706225518228,0.16494969086772228502,0.36617121379260099215,real_estate,61970.36,0.25000000000000000000,46477.7700,1.2079402152900193,0.82785554064851290783,0.62089165548638468087,C,0.026872,0,0,bankruptcy,120,76542.78,0,40070.2,3318.54,1,36751.66,0.0257,0.0715,0.145,0.0463,463.89,0.9654,0.51985464860304263838
F0000583,C000372,2023-12-19,2024-10-20,trade_finance,8159.28,5088.42,3070.86,0.1771,48,1,subordinated,KZT,bullet,construction,Shymkent,micro,LLP,private,10.1,7,0,0,0,47388.18,1481.43,2.66,70707.43,30690.36,1373.55,4436.71,55955.27,16207.5,7856.86,15608.46,14752.16,1963.68,1076.16,859.6,23465.32,1.8935900046274873,1.6198457504241863,1.5906362186961096,0.33186498222322604569,15.8396414275396070,0.75441517966267416280,0.03126159308080622636,0.000056132140968486234331,0.04586172274658943496,0.17482174812838716739,0.20863663125643231553,-0.11692532859410193783,equipment,5912.65,0.40000000000000000000,3547.590,0.86059888544053850642,1.1619815188211665,0.69718891129269989506,D,0.035605,0,0,90dpd,150,7138.26,0,2339.92,176.49,1,2163.43,0.0257,0.0715,0.145,0.0463,463.89,0.9654,0.69692474076315516667
F0000385,C000242,2023-05-06,2024-10-28,working_capital,466660.92,419764.78,46896.14,0.1279,36,0,senior_secured,KZT,annuity,real_estate,Kostanay,medium,JSC,private,12.0,126,0,0,0,2772955.42,87197.6,35114.86,2491866.61,1015863.71,246631.67,227369.01,1496467.78,378180.89,132750.27,688990.95,995398.83,84917.13,90808.56,176045.48,821741.22,2.6861846721022842,2.0849670643061843,0.82553966835584888120,0.32976934507742370688,9.4238972173546061,1.02685524110388563532,0.03144572731717410733,0.01266333376538740028,0.11050749042381006517,1.8578619086801104,0.39945911470758862169,0.03948053657236027499,none,0.0,1.00000000000000000000,0.00,,0.000000000000000000000000,0.000000000000000000000000,B,0.013091,0,0,90dpd,90,419764.78,0,52525.52,4233.98,2,48291.54,0.0257,0.0715,0.145,0.0463,463.89,0.9654,0.88495571257788707285
F0000106,C000067,2024-07-26,2024-11-02,overdraft,244706.01,153463.86,91242.15,0.1247,36,1,senior_secured,KZT,bullet,construction,Other,medium,LLP,private,4.3,204,0,0,0,1730573.44,198453.7,176023.54,2517417.06,942106.32,232170.95,230451.02,1252850.21,453190.39,202048.46,542469.57,1264566.85,79219.7,183028.83,49113.22,744518.03,2.0788311949862838,1.5703230158962550,0.58875339805088200754,0.29574679612284823398,3.7515956114700809,2.5051054220099293,0.11467511023398117100,0.10171399602665807699,0.24583532248372816438,1.1490854718714510,0.50232711539660416856,0.25685656061595719005,none,0.0,1.00000000000000000000,0.00,,0.000000000000000000000000,0.000000000000000000000000,B,0.007587,0,0,90dpd,120,211224.63,0,37876.88,2980.53,2,34896.35,0.0275,0.073,0.145,0.047,466.48,0.98,0.83479033671404703135
F0000639,C000408,2022-05-18,2024-12-19,credit_line,16692.23,13837.49,2854.74,0.1284,36,1,senior_unsecured,KZT,annuity,construction,Kostanay,micro,IE,private,22.5,5,0,0,0,112000.9,17105.46,9054.56,127490.3,35584.04,4844.65,7690.99,102822.07,40175.78,28387.55,21581.52,24668.23,6458.24,17904.85,5456.84,49969.07,0.88570875288544491233,0.69427525738143727390,2.0256447260302016,0.39194409300158521864,2.9212350910177218,2.6486256317510653,0.15272609416531474301,0.08084363607792437382,0.35831865592055245375,0.17066108205886031024,0.19349103421985829510,,real_estate,13940.74,0.25000000000000000000,10455.5550,0.99259364997840860672,1.00746161334172599221,0.75559621000629449416,C,0.025071,0,0,90dpd,90,15781.66,0,8775.52,878.25,1,7897.27,0.03,0.075,0.145,0.048,470.0,1.0,0.49959193139378240312
F0000393,C000246,2023-11-11,2025-01-07,working_capital,89195.65,88957.63,238.02,0.126,18,0,senior_unsecured,KZT,bullet,manufacturing,Other,small,LLP,private,24.0,51,0,0,0,535791.37,71829.1,46558.97,414054.99,176964.74,15327.51,34885.98,291433.97,156919.61,109626.86,56331.19,122621.02,15333.39,68532.14,19379.18,165958.05,1.1277413957376009,0.90542386639885225307,1.3534225208695866,0.40081161683379301865,2.3104570431760944,4.6844892094963997,0.13406169643979148078,0.08689757358353868223,0.41294857344973624359,0.13981527884680816362,0.29614670263966629167,-0.04135758762750950119,receivables,57522.79,0.45000000000000000000,31637.5345,1.5464762748816599,0.64663132324905688247,0.35564722778698128536,C,0.021327,0,0,90dpd,90,88957.63,1,21827.17,1744.42,2,20082.75,0.0325,0.077,0.145,0.049,473.52,1.02,0.77424364835259212729
F0000178,C000108,2024-02-11,2025-01-24,leasing,136903.54,126933.24,9970.3,0.1579,48,0,senior_unsecured,KZT,amortizing,transport,Other,medium,LLP,private,10.0,177,0,0,0,1380632.7,78937.52,17661.83,2362220.88,1021012.75,124636.25,121934.92,788820.43,222560.68,74222.31,470866.03,1573400.45,61846.43,30386.27,81868.56,545088.34,4.5875702302850620,4.0396975332749702,0.34643967465498055501,0.23075248577093264877,6.9053137215357158,1.2763472362107239,0.05717488800605693317,0.01279256242445945254,0.05574558795368838746,1.6792289272592028,0.66606830179233704852,0.45329428991292282865,none,0.0,1.00000000000000000000,0.00,,0.000000000000000000000000,0.000000000000000000000000,B,0.012178,0,0,90dpd,360,126933.24,1,2538.66,277.54,1,2261.12,0.0325,0.077,0.145,0.049,473.52,1.02,0.98218654152371750694
F0000363,C000225,2022-07-11,2025-02-23,credit_line,63937.77,52580.02,11357.75,0.1287,36,1,senior_unsecured,KZT,amortizing,real_estate,Karaganda,small,LLP,private,8.7,35,0,0,0,459271.2,64314.65,45401.98,719361.57,296833.01,71295.36,102823.6,516272.38,289092.3,109038.74,146817.88,203089.19,15233.03,61455.42,35426.38,255856.62,1.0267759120530018,0.67109850383424255852,1.2598239226814583,0.35567179381016975928,3.9782012340889673,4.2220523428365860,0.14003632276528552193,0.09885657972892704790,0.24019476220705174640,0.65385348363343156753,0.28231865374737769214,,equipment,41654.86,0.40000000000000000000,24992.916,1.2622781591391737,0.79221841300174476921,0.47533104780104686153,C,0.017553,0,0,restructuring,90,56348.17,0,23722.33,2414.81,1,21307.52,0.0343,0.0785,0.145,0.0497,476.11,1.0346,0.62185959189091677689
F0000206,C000122,2024-06-24,2025-03-25,term_loan,12259.28,11486.18,773.1,0.1257,12,0,senior_secured,KZT,amortizing,agriculture,Almaty,micro,IE,private,10.0,5,1,0,0,60047.72,6032.99,3665.62,90858.19,38058.11,2668.26,6317.96,61121.19,16811.98,12231.09,31388.91,29737.01,4776.14,5863.05,2328.73,43620.00,2.2637494215434470,1.8879483558747988,1.4668589747254347,0.48008880652366066284,7.2302456990646429,1.2631518339077163,0.10046992625198758587,0.06104511545151089833,0.13441196698762035763,0.21815390124674088736,0.32729036314722976542,-0.14017362994961269115,receivables,8856.77,0.45000000000000000000,4871.2235,1.2968813687156830,0.77108055071398846266,0.42409430289269365446,B,0.013161,0,0,90dpd,150,11486.18,0,2676.22,68.61,1,2607.61,0.035,0.079,0.145,0.05,477.05,1.04,0.77297848370824765065
F0000197,C000118,2024-08-31,2025-05-20,term_loan,688441.88,656944.54,31497.34,0.1145,18,0,senior_secured,KZT,bullet,manufacturing,Aktobe,medium,LLP,private,22.6,145,0,0,0,3944630.37,538677.18,376734.7,6655144.48,2625314.49,196126.28,308840.29,3797023.37,1724727.63,945344.69,1160605.94,2858121.11,204221.48,504349.78,122564.28,2105950.63,1.5221617862062081,1.3430956631685665,0.73683043823149957421,0.31643950575810789911,3.9094855104127485,2.6377106854773553,0.13655960875239116511,0.09550570387156452380,0.23948794089251750408,0.20746536377117641609,0.42946041496006710286,-0.11122734282553067876,equipment,1310651.91,0.40000000000000000000,786391.146,0.50123494650841351156,1.9950723846490908,1.1970434307894545,B,0.010047,0,0,restructuring,150,656944.54,0,624097.31,60561.39,2,563535.92,0.0325,0.077,0.145,0.049,473.52,1.02,0.14218646219359704245
F0000290,C000178,2023-05-22,2025-06-23,overdraft,78640.96,50854.57,27786.39,0.149,60,1,senior_secured,KZT,bullet,trade,Astana,medium,LLP,private,22.1,90,0,0,0,3024506.0,325349.82,233965.64,4513408.71,1263248.81,158240.06,360839.91,3375549.82,948320.56,237213.31,1497822.65,1137858.88,176610.39,269666.41,78739.78,1735035.96,1.3320905011275934,0.95158634966218595957,1.5248252577683447,0.38441809095547210038,5.3328320882427413,1.8421895789936255,0.10757122650773382496,0.07735664601095187115,0.15542410429349256830,0.66707917865148460683,0.25210632431291603547,-0.04745301866988064734,equipment,119507.32,0.40000000000000000000,71704.392,0.42553518897419840057,2.3499819190291059,1.4099891514174636,C,0.034412,0,0,90dpd,90,64782.15,0,51159.09,2607.13,1,48551.96,0.03,0.075,0.145,0.048,470.0,1.0,0.25053490814985300735
F0000262,C000158,2024-11-27,2025-07-22,term_loan,10156.53,9121.6,1034.93,0.1296,36,0,senior_secured,KZT,annuity,services,Kostanay,micro,LLP,private,12.6,6,0,0,0,59655.97,5077.16,3804.21,81782.5,25063.59,3617.77,5640.24,47922.94,13813.28,4728.14,22656.24,33859.56,4175.71,4743.8,3710.59,27384.38,1.8144560886335468,1.40613597928949532624,0.80876361063167979737,0.33484400696970623300,5.3936413270411017,1.2158794552303680,0.08510732454773596004,0.06376914162991566477,0.17323014068604072833,0.76515712309703181378,0.41401962522544554153,0.09965063549390754974,real_estate,15672.61,0.25000000000000000000,11754.4575,0.58200899531092779058,1.7181865023680056,1.2886398767760042,B,0.014146,0,0,90dpd,90,9121.6,1,8121.42,325.75,2,7795.67,0.0275,0.073,0.145,0.047,466.48,0.98,0.14536155937554814945
F0000062,C000038,2025-03-18,2025-07-30,term_loan,34066.7,28587.75,5478.95,0.1043,24,0,senior_secured,KZT,amortizing,trade,Almaty,small,LLP,private,6.1,31,0,0,1,343820.7,6566.21,-8640.19,518541.39,336898.39,54407.73,98581.65,297312.74,187845.15,57517.39,43707.76,221228.65,11590.15,4510.8,17174.05,101225.15,1.7934899570204501,1.2686872139099679,0.45755895540654431512,0.19521132151090195519,15.4160695439225977,0.56653365141952433748,0.01909777392693342780,-0.02512992964065281701,0.04456204806809374943,0.94593530756524244233,0.42663643494302354533,0.44177776346430537983,none,0.0,1.00000000000000000000,0.00,,0.000000000000000000000000,0.000000000000000000000000,D,0.035956,0,0,restructuring,180,28587.75,0,620.90,35.08,4,585.82,0.0275,0.073,0.145,0.047,466.48,0.98,0.97950800605154305603
F0000475,C000300,2024-11-01,2025-08-04,term_loan,83321.47,75755.41,7566.06,0.1011,18,0,senior_secured,KZT,bullet,agriculture,Almaty,micro,LLP,private,25.5,14,0,0,0,284056.48,34397.31,19001.76,200995.16,102005.63,19227.38,32701.89,90106.99,48070.57,24515.63,19213.25,110888.17,4388.75,17154.04,17111.17,43728.88,2.1219975132393895,1.4417083051022694,0.39435117379969387176,0.21756185571831679927,1.2712877838412364,7.8376097977784107,0.12109320653413715470,0.06689430214723494426,0.39228171405258950149,0.78429067496939707444,0.55169572242436086521,-0.05241084300151901031,equipment,161855.41,0.40000000000000000000,97113.246,0.46804373113014881616,2.1365524917626345,1.2819314950575807,B,0.008376,0,0,90dpd,150,75755.41,1,64266.91,6248.32,1,58018.59,0.0257,0.0715,0.145,0.0463,463.89,0.9654,0.23413271738612463453
F0000324,C000202,2024-03-18,2025-08-15,term_loan,21864.56,19089.6,2774.96,0.1268,24,0,senior_secured,KZT,amortizing,transport,Karaganda,micro,LLP,private,4.2,7,0,0,0,92444.13,9030.33,6404.69,78207.62,33453.23,5830.96,10990.96,54627.05,30483.01,10789.9,16931.46,23580.58,1401.5,3651.99,4964.12,27721.36,1.09743854035411857294,0.73687834633128421373,1.17560127867932001673,0.35445855531724402302,3.0698058653448988,6.4433321441312879,0.09768419044021507910,0.06928173806168114730,0.13173920760020431898,0.54040908627512766569,0.30151256360953063141,0.21076461005665087923,real_estate,21666.02,0.25000000000000000000,16249.5150,0.88108475852971611768,1.1349645880479423,0.85122344103595675132,C,0.024292,0,0,90dpd,150,19089.6,0,12856.84,854.74,1,12002.10,0.0257,0.0715,0.145,0.0463,463.89,0.9654,0.37127545888860950465
F0000021,C000013,2025-02-26,2025-08-17,credit_line,14048.6,11749.73,2298.86,0.1182,48,1,senior_secured,KZT,annuity,real_estate,Astana,micro,LLP,private,8.3,11,0,0,0,60015.26,6403.83,3715.24,68809.82,28350.38,5375.83,6749.56,42092.31,17891.11,9136.2,9274.49,26717.52,1514.46,3710.75,1697.88,18410.69,1.5846071037515280,1.2073493483635169,0.68908678649814803170,0.26755904898457807330,2.8749498347082918,4.2284576680797116,0.10670336177832104701,0.06190492218145851572,0.20155409710336766303,0.58840984216632735711,0.38828062622457085340,0.16989335429768983370,receivables,7964.22,0.45000000000000000000,4380.3210,1.4753145945240086,0.67782153292033093526,0.37280184310618201440,B,0.010262,0,0,90dpd,180,12398.15,0,3248.7,189.16,1,3059.54,0.0257,0.0715,0.145,0.0463,463.89,0.9654,0.75322608614994979090
F0000426,C000266,2025-02-28,2025-08-18,term_loan,10195.89,8480.43,1715.45,0.108,36,0,senior_secured,KZT,annuity,real_estate,Almaty,micro,LLP,private,12.1,3,0,0,0,116443.85,8429.92,-637.68,132976.52,49555.32,3018.9,10835.21,87989.92,31439.49,19899.99,25637.84,44986.6,4409.39,3970.33,2548.87,45537.83,1.5762125912347815,1.23157563942672098052,1.01225320428749894413,0.34245015586210257269,5.4019290811775201,1.9118109307636657,0.07239472071732427260,-0.00547628749822339265,0.08718750981326953875,0.15170359382090141754,0.33830483757583669658,0.12956192023833705735,inventory,19229.15,0.55000000000000000000,8653.1175,0.44101949384138144432,2.2674734653785244,1.0203630594203360,A,0.004685,0,0,90dpd,360,8480.43,0,4811.68,393.27,1,4418.41,0.0257,0.0715,0.145,0.0463,463.89,0.9654,0.47898750417136866881
F0000563,C000359,2024-11-29,2025-10-29,overdraft,1895475.35,1624583.42,270891.93,0.1057,12,1,senior_secured,KZT,annuity,services,Almaty,large,LLP,private,23.8,711,0,0,0,6887448.8,300167.34,-126156.73,6410804.6,2504069.32,382144.54,861569.8,5487850.88,2953626.2,1051729.78,2171276.79,922953.72,352438.15,141646.11,527035.68,3223006.57,0.84779493085482516373,0.55609593387274259688,3.4920565356191424,0.50274603128599489680,10.7373659306172350,0.85168799121207508325,0.04358178894919697987,-0.01831690276957122353,0.04394843973278031512,0.36334859701319858034,0.14396846848209973519,-0.34520038515490328644,none,0.0,1.00000000000000000000,0.00,,0.000000000000000000000000,0.000000000000000000000000,C,0.018074,0,0,90dpd,180,1809192.49,0,279234.98,19028.46,3,260206.52,0.0257,0.0715,0.145,0.0463,463.89,0.9654,0.85617532604283582893
F0000361,C000224,2025-05-04,2025-11-16,credit_line,835212.38,302340.47,532871.91,0.139,36,1,senior_secured,USD,bullet,trade,Atyrau,medium,LLP,private,21.1,271,0,0,0,2636492.79,362453.78,279695.76,4190239.91,2255528.09,485821.82,228540.69,2142313.89,675727.29,189259.58,777049.39,2047926.03,68132.57,148307.75,84088.87,966308.97,3.3379265916580045,2.9997122063843241,0.47184759402662604957,0.23060946169070305094,2.6660198439646567,5.3198313229634520,0.13747573343449196385,0.10608629807783392421,0.15347860219076720358,2.5669602563843796,0.48873717829679112574,0.23149605095060381330,receivables,274042.52,0.45000000000000000000,150723.3860,1.1032611654570977,0.90640369779143361125,0.49852203378528848619,B,0.00651,0,0,90dpd,90,624741.67,0,47234.88,1821.72,1,45413.16,0.0275,0.073,0.145,0.047,466.48,0.98,0.92730889873249530482
F0000456,C000285,2024-07-21,2025-12-02,credit_line,98951.7,54919.59,44032.11,0.1538,36,1,senior_secured,KZT,bullet,agriculture,Karaganda,small,LLP,private,15.4,35,0,0,0,390534.48,3199.75,-26196.11,399185.92,213641.86,36802.68,34626.28,330203.4,125459.3,48049.38,178550.38,68982.52,15431.8,1768.01,26660.98,226599.76,1.7028778257171848,1.4268817058599881,3.2848866640418471,0.56765469082677064361,70.8179576529416361,0.20734781425368395132,0.00819325863365508725,-0.06707758556939709907,0.00780234718695200736,0.76593454483699893734,0.17280799883923761640,-0.40316199323910248624,real_estate,30547.61,0.25000000000000000000,22910.7075,1.7978359027105558,0.55622429082227307232,0.41716821811670480424,D,0.059367,0,0,90dpd,150,86702.92,1,2593.98,282.54,3,2311.44,0.03,0.075,0.145,0.048,470.0,1.0,0.97334069025587604201
